<?xml version="1.0"?>
<testbench>

<button name="Red Wild">
  game.move_pieces([{piece:"house-3", x:"1", y:"1", orient:"left"}, {piece:"house-1", x:"2", y:"1", orient:"upright"}, {piece:"house-2", x:"3", y:"1", orient:"right"}]);
  game.move_pieces([{piece:"red-3", x:"2", y:"1", orient:"upright"}, {piece:"red-2", x:"2", y:"2", orient:"upright"}, {piece:"red-1", x:"2", y:"3", orient:"upright"}]);
  game.got_roll("red", "wild");
  game.select_an_action([{action:"tip",target:"seat"}, {action:"tip",target:"house"}, {action:"swap",target:"seat"}, {action:"swap",target:"house"}, {action:"hop",target:"seat"}, {action:"hop",target:"house"}, {action:"dig",target:"seat"}, {action:"dig",target:"house"}, {action:"aim",target:"seat"}, {action:"aim",target:"house"}]);
</button>

<field name="action" />

<button name="Red Self">
  game.got_roll("red", $action);
  game.select_an_action([{action:$action,target:"seat"}]);
</button>

<button name="Red House">
  game.got_roll("red", $action);
  game.select_an_action([{action:"pass"}, {action:$action,target:"house"}]);
</button>

<button name="Red Pass">
  game.got_roll("red", $action);
  game.select_an_action([{action:"pass"}]);
</button>

</testbench>
